{
  "11": {
    "xPct": 61.0224,
    "yPct": 49.6097
  },
  "12": {
    "xPct": 53.9936,
    "yPct": 52.2891
  },
  "13": {
    "xPct": 42.9712,
    "yPct": 57.8057
  },
  "14": {
    "xPct": 47.6038,
    "yPct": 54.3381
  },
  "15": {
    "xPct": 32.9872,
    "yPct": 63.7951
  },
  "21": {
    "xPct": 46.3259,
    "yPct": 61.2732
  },
  "22": {
    "xPct": 45.1278,
    "yPct": 56.0719
  },
  "31": {
    "xPct": 43.6901,
    "yPct": 53.0772
  },
  "32": {
    "xPct": 51.10169306464008,
    "yPct": 45.06422241585234
  },
  "33": {
    "xPct": 49.0415,
    "yPct": 48.5063
  },
  "34": {
    "xPct": 53.5144,
    "yPct": 39.0494
  },
  "35": {
    "xPct": 62.9393,
    "yPct": 35.109
  },
  "36": {
    "xPct": 71.6454,
    "yPct": 33.2176
  },
  "37": {
    "xPct": 78.5942,
    "yPct": 30.3805
  },
  "38": {
    "xPct": 83.2268,
    "yPct": 46.4573
  },
  "39": {
    "xPct": 75.9585,
    "yPct": 50.2401
  },
  "40": {
    "xPct": 25.3994,
    "yPct": 62.2189
  },
  "41": {
    "xPct": 21.0064,
    "yPct": 66.4746
  },
  "42": {
    "xPct": 21.4058,
    "yPct": 78.7686
  },
  "01": {
    "xPct": 60.3035,
    "yPct": 55.7567
  },
  "02": {
    "xPct": 53.1949,
    "yPct": 58.4362
  },
  "04": {
    "xPct": 37.1406,
    "yPct": 66.317
  },
  "05": {
    "xPct": 31.5495,
    "yPct": 69.3117
  },
  "03": {
    "xPct": 43.2109,
    "yPct": 62.8494
  }
}